route_id;vehicle_id;route;cost
0;0;[0, 4, 3, 0];2.4142135624
1;1;[0, 2, 1, 0];2.4142135624
